Period	Change_Price	Change_Dividend	Change
1871-01	0.0000	0.0000	0.0000
1871-02	0.0135	0.0048	0.0183
1871-03	0.0244	0.0047	0.0291
1871-04	0.0282	0.0046	0.0328
1871-05	0.0253	0.0045	0.0298
1871-06	-0.0082	0.0045	-0.0037
1871-07	-0.0187	0.0046	-0.0141
1871-08	0.0127	0.0045	0.0172
1871-09	0.0104	0.0045	0.0149
1871-10	-0.0517	0.0047	-0.0469
1871-11	0.0109	0.0047	0.0156
1871-12	0.0216	0.0046	0.0261
1872-01	0.0253	0.0045	0.0298
1872-02	0.0041	0.0046	0.0087
1872-03	0.0328	0.0045	0.0373
1872-04	0.0278	0.0044	0.0322
1872-05	0.0000	0.0045	0.0045
1872-06	-0.0097	0.0045	-0.0051
1872-07	-0.0058	0.0046	-0.0012
1872-08	-0.0118	0.0047	-0.0070
1872-09	-0.0179	0.0049	-0.0130
1872-10	0.0040	0.0049	0.0090
1872-11	-0.0040	0.0050	0.0010
1872-12	0.0242	0.0049	0.0292
1873-01	0.0079	0.0049	0.0128
1873-02	0.0078	0.0049	0.0128
1873-03	-0.0078	0.0050	-0.0028
1873-04	-0.0137	0.0051	-0.0086
1873-05	0.0020	0.0052	0.0071
1873-06	-0.0139	0.0053	-0.0086
1873-07	-0.0020	0.0053	0.0033
1873-08	0.0000	0.0054	0.0054
1873-09	-0.0765	0.0059	-0.0706
1873-10	-0.0871	0.0065	-0.0807
1873-11	-0.0358	0.0068	-0.0290
1873-12	0.0941	0.0062	0.1003
1874-01	0.0543	0.0059	0.0602
1874-02	0.0300	0.0057	0.0358
1874-03	-0.0146	0.0058	-0.0088
1874-04	-0.0275	0.0060	-0.0215
1874-05	-0.0261	0.0061	-0.0199
1874-06	-0.0045	0.0062	0.0017
1874-07	0.0000	0.0062	0.0062
1874-08	0.0022	0.0062	0.0084
1874-09	0.0157	0.0061	0.0217
1874-10	-0.0022	0.0061	0.0039
1874-11	0.0088	0.0060	0.0148
1874-12	-0.0066	0.0061	-0.0005
1875-01	0.0000	0.0060	0.0060
1875-02	-0.0022	0.0060	0.0038
1875-03	0.0132	0.0059	0.0191
1875-04	0.0131	0.0057	0.0188
1875-05	-0.0387	0.0059	-0.0328
1875-06	-0.0201	0.0060	-0.0141
1875-07	0.0023	0.0059	0.0082
1875-08	0.0046	0.0059	0.0104
1875-09	-0.0091	0.0059	-0.0032
1875-10	-0.0160	0.0059	-0.0101
1875-11	0.0163	0.0058	0.0220
1875-12	0.0000	0.0057	0.0057
1876-01	0.0206	0.0056	0.0262
1876-02	0.0135	0.0055	0.0190
1876-03	-0.0022	0.0055	0.0033
1876-04	-0.0377	0.0058	-0.0319
1876-05	-0.0369	0.0060	-0.0309
1876-06	-0.0072	0.0060	-0.0012
1876-07	-0.0120	0.0061	-0.0060
1876-08	-0.0415	0.0064	-0.0351
1876-09	-0.0611	0.0068	-0.0543
1876-10	-0.0054	0.0068	0.0014
1876-11	-0.0191	0.0069	-0.0121
1876-12	-0.0056	0.0070	0.0014
1877-01	-0.0084	0.0068	-0.0016
1877-02	-0.0592	0.0070	-0.0521
1877-03	-0.0509	0.0072	-0.0437
1877-04	-0.0726	0.0075	-0.0651
1877-05	0.0000	0.0072	0.0072
1877-06	-0.0714	0.0075	-0.0639
1877-07	0.0440	0.0069	0.0509
1877-08	0.0702	0.0062	0.0764
1877-09	0.0623	0.0056	0.0679
1877-10	0.0216	0.0052	0.0268
1877-11	-0.0151	0.0051	-0.0100
1877-12	-0.0031	0.0049	0.0018
1878-01	0.0000	0.0049	0.0049
1878-02	-0.0215	0.0049	-0.0166
1878-03	0.0189	0.0048	0.0237
1878-04	0.0278	0.0047	0.0324
1878-05	0.0030	0.0046	0.0076
1878-06	0.0210	0.0045	0.0255
1878-07	0.0205	0.0044	0.0249
1878-08	-0.0086	0.0044	-0.0042
1878-09	0.0203	0.0043	0.0246
1878-10	-0.0114	0.0044	-0.0070
1878-11	-0.0029	0.0043	0.0015
1878-12	-0.0058	0.0043	-0.0014
1879-01	0.0377	0.0042	0.0419
1879-02	0.0363	0.0041	0.0404
1879-03	-0.0162	0.0042	-0.0119
1879-04	0.0329	0.0041	0.0370
1879-05	0.0451	0.0040	0.0491
1879-06	0.0051	0.0040	0.0091
1879-07	0.0202	0.0040	0.0242
1879-08	0.0074	0.0040	0.0114
1879-09	0.0369	0.0039	0.0407
1879-10	0.1090	0.0035	0.1125
1879-11	0.0534	0.0034	0.0568
1879-12	-0.0020	0.0034	0.0014
1880-01	0.0386	0.0033	0.0420
1880-02	0.0176	0.0034	0.0210
1880-03	0.0192	0.0034	0.0226
1880-04	-0.0226	0.0035	-0.0191
1880-05	-0.0792	0.0039	-0.0752
1880-06	0.0042	0.0040	0.0082
1880-07	0.0459	0.0039	0.0498
1880-08	0.0359	0.0039	0.0398
1880-09	-0.0019	0.0039	0.0020
1880-10	0.0290	0.0039	0.0329
1880-11	0.0525	0.0038	0.0563
1880-12	0.0410	0.0037	0.0447
1881-01	0.0599	0.0036	0.0635
1881-02	-0.0032	0.0036	0.0004
1881-03	0.0113	0.0037	0.0150
1881-04	-0.0032	0.0038	0.0005
1881-05	0.0450	0.0037	0.0487
1881-06	0.0123	0.0037	0.0160
1881-07	-0.0350	0.0039	-0.0311
1881-08	-0.0236	0.0040	-0.0196
1881-09	0.0081	0.0041	0.0121
1881-10	-0.0160	0.0042	-0.0118
1881-11	0.0065	0.0042	0.0107
1881-12	-0.0291	0.0044	-0.0246
1882-01	-0.0150	0.0045	-0.0105
1882-02	-0.0220	0.0046	-0.0174
1882-03	-0.0017	0.0046	0.0029
1882-04	0.0000	0.0046	0.0046
1882-05	-0.0121	0.0047	-0.0074
1882-06	-0.0053	0.0047	-0.0006
1882-07	0.0563	0.0044	0.0608
1882-08	0.0300	0.0043	0.0343
1882-09	0.0097	0.0043	0.0140
1882-10	-0.0272	0.0044	-0.0229
1882-11	-0.0428	0.0046	-0.0382
1882-12	0.0052	0.0046	0.0097
1883-01	-0.0051	0.0046	-0.0005
1883-02	-0.0224	0.0047	-0.0177
1883-03	0.0123	0.0047	0.0170
1883-04	0.0209	0.0046	0.0255
1883-05	-0.0170	0.0047	-0.0124
1883-06	0.0087	0.0047	0.0133
1883-07	-0.0155	0.0047	-0.0107
1883-08	-0.0454	0.0050	-0.0404
1883-09	0.0110	0.0049	0.0159
1883-10	-0.0271	0.0051	-0.0220
1883-11	0.0149	0.0050	0.0199
1883-12	-0.0220	0.0051	-0.0168
1884-01	-0.0300	0.0053	-0.0247
1884-02	0.0270	0.0051	0.0321
1884-03	-0.0038	0.0051	0.0014
1884-04	-0.0453	0.0053	-0.0400
1884-05	-0.0810	0.0058	-0.0753
1884-06	-0.0409	0.0060	-0.0349
1884-07	0.0000	0.0059	0.0059
1884-08	0.0628	0.0056	0.0683
1884-09	-0.0316	0.0057	-0.0259
1884-10	-0.0327	0.0059	-0.0268
1884-11	-0.0203	0.0060	-0.0143
1884-12	-0.0023	0.0060	0.0037
1885-01	-0.0230	0.0060	-0.0171
1885-02	0.0307	0.0057	0.0363
1885-03	0.0023	0.0056	0.0079
1885-04	-0.0023	0.0055	0.0032
1885-05	-0.0114	0.0054	-0.0060
1885-06	-0.0046	0.0053	0.0007
1885-07	0.0372	0.0050	0.0422
1885-08	0.0561	0.0047	0.0607
1885-09	-0.0127	0.0046	-0.0081
1885-10	0.0581	0.0043	0.0623
1885-11	0.0650	0.0039	0.0689
1885-12	-0.0076	0.0038	-0.0038
1886-01	0.0000	0.0038	0.0038
1886-02	0.0192	0.0037	0.0230
1886-03	-0.0208	0.0038	-0.0170
1886-04	-0.0135	0.0038	-0.0097
1886-05	-0.0195	0.0038	-0.0157
1886-06	0.0458	0.0037	0.0495
1886-07	0.0152	0.0036	0.0188
1886-08	0.0075	0.0035	0.0110
1886-09	0.0261	0.0034	0.0295
1886-10	0.0254	0.0033	0.0287
1886-11	0.0248	0.0032	0.0280
1886-12	-0.0259	0.0033	-0.0227
1887-01	-0.0106	0.0033	-0.0073
1887-02	-0.0072	0.0034	-0.0038
1887-03	0.0235	0.0033	0.0268
1887-04	0.0229	0.0033	0.0262
1887-05	0.0172	0.0033	0.0205
1887-06	-0.0288	0.0034	-0.0254
1887-07	-0.0244	0.0035	-0.0209
1887-08	-0.0250	0.0037	-0.0214
1887-09	-0.0128	0.0038	-0.0091
1887-10	-0.0335	0.0039	-0.0295
1887-11	0.0192	0.0039	0.0231
1887-12	-0.0057	0.0040	-0.0017
1888-01	0.0076	0.0039	0.0115
1888-02	-0.0056	0.0039	-0.0018
1888-03	-0.0379	0.0040	-0.0339
1888-04	0.0039	0.0040	0.0079
1888-05	0.0137	0.0039	0.0176
1888-06	-0.0309	0.0040	-0.0270
1888-07	0.0259	0.0039	0.0298
1888-08	0.0214	0.0038	0.0252
1888-09	0.0248	0.0036	0.0284
1888-10	-0.0056	0.0036	-0.0019
1888-11	-0.0206	0.0037	-0.0169
1888-12	-0.0191	0.0037	-0.0154
1889-01	0.0195	0.0036	0.0231
1889-02	0.0115	0.0036	0.0150
1889-03	-0.0208	0.0037	-0.0171
1889-04	-0.0019	0.0036	0.0017
1889-05	0.0270	0.0035	0.0306
1889-06	0.0169	0.0035	0.0204
1889-07	-0.0203	0.0035	-0.0168
1889-08	0.0132	0.0035	0.0167
1889-09	0.0242	0.0034	0.0276
1889-10	-0.0182	0.0034	-0.0148
1889-11	-0.0093	0.0034	-0.0058
1889-12	-0.0056	0.0034	-0.0022
1890-01	0.0113	0.0034	0.0147
1890-02	-0.0112	0.0034	-0.0077
1890-03	-0.0075	0.0035	-0.0040
1890-04	0.0208	0.0034	0.0242
1890-05	0.0427	0.0033	0.0459
1890-06	-0.0071	0.0033	-0.0038
1890-07	-0.0072	0.0033	-0.0039
1890-08	-0.0235	0.0034	-0.0201
1890-09	-0.0166	0.0034	-0.0132
1890-10	-0.0451	0.0036	-0.0415
1890-11	-0.0728	0.0039	-0.0689
1890-12	-0.0234	0.0040	-0.0194
1891-01	0.0522	0.0038	0.0560
1891-02	0.0124	0.0037	0.0161
1891-03	-0.0184	0.0038	-0.0146
1891-04	0.0333	0.0037	0.0370
1891-05	-0.0040	0.0037	-0.0003
1891-06	-0.0202	0.0038	-0.0164
1891-07	-0.0165	0.0038	-0.0127
1891-08	0.0335	0.0037	0.0373
1891-09	0.0811	0.0034	0.0846
1891-10	0.0000	0.0034	0.0034
1891-11	-0.0150	0.0035	-0.0115
1891-12	0.0305	0.0034	0.0339
1892-01	0.0185	0.0034	0.0218
1892-02	0.0018	0.0034	0.0052
1892-03	0.0109	0.0034	0.0142
1892-04	-0.0018	0.0034	0.0016
1892-05	0.0000	0.0034	0.0034
1892-06	-0.0054	0.0035	-0.0019
1892-07	0.0000	0.0035	0.0035
1892-08	0.0144	0.0035	0.0179
1892-09	-0.0249	0.0036	-0.0213
1892-10	0.0201	0.0035	0.0236
1892-11	-0.0036	0.0036	0.0000
1892-12	-0.0108	0.0036	-0.0071
1893-01	0.0181	0.0036	0.0217
1893-02	-0.0178	0.0037	-0.0142
1893-03	-0.0363	0.0038	-0.0325
1893-04	0.0000	0.0038	0.0038
1893-05	-0.0885	0.0042	-0.0843
1893-06	-0.0475	0.0044	-0.0431
1893-07	-0.0933	0.0049	-0.0884
1893-08	-0.0239	0.0050	-0.0189
1893-09	0.0711	0.0047	0.0758
1893-10	0.0297	0.0046	0.0343
1893-11	0.0156	0.0045	0.0201
1893-12	-0.0350	0.0047	-0.0303
1894-01	-0.0204	0.0048	-0.0156
1894-02	0.0139	0.0046	0.0185
1894-03	0.0297	0.0044	0.0341
1894-04	0.0133	0.0043	0.0176
1894-05	-0.0372	0.0044	-0.0328
1894-06	-0.0136	0.0044	-0.0092
1894-07	-0.0207	0.0044	-0.0163
1894-08	0.0376	0.0042	0.0419
1894-09	0.0159	0.0041	0.0200
1894-10	-0.0313	0.0042	-0.0271
1894-11	0.0000	0.0041	0.0041
1894-12	-0.0092	0.0041	-0.0051
1895-01	-0.0116	0.0041	-0.0075
1895-02	-0.0141	0.0041	-0.0100
1895-03	0.0000	0.0041	0.0041
1895-04	0.0430	0.0039	0.0468
1895-05	0.0549	0.0036	0.0586
1895-06	0.0195	0.0035	0.0231
1895-07	0.0043	0.0035	0.0078
1895-08	0.0148	0.0034	0.0183
1895-09	0.0063	0.0034	0.0096
1895-10	-0.0145	0.0034	-0.0111
1895-11	-0.0337	0.0035	-0.0302
1895-12	-0.0588	0.0037	-0.0552
1896-01	-0.0116	0.0037	-0.0079
1896-02	0.0422	0.0035	0.0457
1896-03	-0.0157	0.0036	-0.0122
1896-04	0.0091	0.0035	0.0127
1896-05	-0.0045	0.0035	-0.0010
1896-06	-0.0182	0.0036	-0.0146
1896-07	-0.0648	0.0038	-0.0610
1896-08	-0.0569	0.0040	-0.0529
1896-09	0.0525	0.0038	0.0563
1896-10	0.0224	0.0037	0.0261
1896-11	0.0683	0.0034	0.0717
1896-12	-0.0365	0.0036	-0.0330
1897-01	0.0000	0.0036	0.0036
1897-02	-0.0095	0.0036	-0.0059
1897-03	0.0024	0.0036	0.0060
1897-04	-0.0310	0.0037	-0.0273
1897-05	0.0049	0.0037	0.0086
1897-06	0.0466	0.0035	0.0501
1897-07	0.0445	0.0034	0.0479
1897-08	0.0650	0.0032	0.0682
1897-09	0.0484	0.0030	0.0514
1897-10	-0.0321	0.0031	-0.0290
1897-11	-0.0353	0.0032	-0.0320
1897-12	0.0215	0.0032	0.0247
1898-01	0.0274	0.0031	0.0305
1898-02	-0.0020	0.0031	0.0011
1898-03	-0.0452	0.0033	-0.0419
1898-04	-0.0172	0.0034	-0.0138
1898-05	0.0656	0.0032	0.0689
1898-06	0.0390	0.0031	0.0421
1898-07	0.0040	0.0031	0.0071
1898-08	0.0374	0.0031	0.0405
1898-09	-0.0019	0.0031	0.0012
1898-10	-0.0209	0.0032	-0.0177
1898-11	0.0330	0.0031	0.0361
1898-12	0.0620	0.0029	0.0650
1899-01	0.0761	0.0028	0.0789
1899-02	0.0378	0.0027	0.0405
1899-03	0.0143	0.0026	0.0169
1899-04	0.0125	0.0026	0.0151
1899-05	-0.0417	0.0027	-0.0389
1899-06	-0.0225	0.0028	-0.0197
1899-07	0.0346	0.0027	0.0373
1899-08	0.0255	0.0027	0.0282
1899-09	-0.0109	0.0027	-0.0082
1899-10	-0.0047	0.0027	-0.0020
1899-11	0.0189	0.0027	0.0216
1899-12	-0.0681	0.0029	-0.0652
1900-01	0.0133	0.0030	0.0163
1900-02	0.0180	0.0030	0.0211
1900-03	0.0081	0.0031	0.0111
1900-04	0.0128	0.0032	0.0159
1900-05	-0.0473	0.0034	-0.0439
1900-06	-0.0298	0.0036	-0.0262
1900-07	0.0000	0.0037	0.0037
1900-08	0.0137	0.0038	0.0174
1900-09	-0.0236	0.0040	-0.0196
1900-10	0.0362	0.0040	0.0402
1900-11	0.0782	0.0038	0.0820
1900-12	0.0602	0.0036	0.0638
1901-01	0.0291	0.0036	0.0327
1901-02	0.0255	0.0035	0.0289
1901-03	0.0359	0.0034	0.0392
1901-04	0.0839	0.0031	0.0870
1901-05	-0.0504	0.0033	-0.0470
1901-06	0.0996	0.0030	0.1027
1901-07	-0.0671	0.0033	-0.0638
1901-08	0.0139	0.0032	0.0171
1901-09	-0.0050	0.0033	-0.0017
1901-10	-0.0113	0.0033	-0.0079
1901-11	0.0215	0.0033	0.0248
1901-12	-0.0161	0.0034	-0.0127
1902-01	0.0214	0.0033	0.0247
1902-02	0.0086	0.0033	0.0119
1902-03	0.0012	0.0033	0.0045
1902-04	0.0341	0.0032	0.0373
1902-05	-0.0024	0.0032	0.0008
1902-06	-0.0059	0.0032	-0.0027
1902-07	0.0226	0.0032	0.0257
1902-08	0.0267	0.0031	0.0298
1902-09	0.0023	0.0031	0.0053
1902-10	-0.0316	0.0032	-0.0284
1902-11	-0.0385	0.0033	-0.0352
1902-12	-0.0231	0.0034	-0.0196
1903-01	0.0509	0.0033	0.0542
1903-02	-0.0059	0.0033	-0.0026
1903-03	-0.0392	0.0035	-0.0358
1903-04	-0.0408	0.0036	-0.0372
1903-05	-0.0194	0.0037	-0.0156
1903-06	-0.0553	0.0039	-0.0513
1903-07	-0.0460	0.0042	-0.0418
1903-08	-0.0321	0.0043	-0.0278
1903-09	-0.0241	0.0044	-0.0197
1903-10	-0.0325	0.0046	-0.0278
1903-11	0.0032	0.0046	0.0078
1903-12	0.0462	0.0044	0.0506
1904-01	0.0167	0.0043	0.0211
1904-02	-0.0269	0.0044	-0.0225
1904-03	-0.0031	0.0044	0.0013
1904-04	0.0247	0.0042	0.0289
1904-05	-0.0211	0.0043	-0.0168
1904-06	0.0015	0.0042	0.0058
1904-07	0.0415	0.0040	0.0455
1904-08	0.0339	0.0038	0.0378
1904-09	0.0442	0.0036	0.0479
1904-10	0.0587	0.0034	0.0621
1904-11	0.0542	0.0032	0.0574
1904-12	0.0098	0.0031	0.0129
1905-01	0.0218	0.0031	0.0249
1905-02	0.0439	0.0030	0.0469
1905-03	0.0284	0.0029	0.0313
1905-04	-0.0122	0.0030	-0.0092
1905-05	-0.0492	0.0031	-0.0461
1905-06	0.0118	0.0031	0.0149
1905-07	0.0314	0.0030	0.0344
1905-08	0.0372	0.0029	0.0401
1905-09	0.0033	0.0029	0.0062
1905-10	0.0141	0.0029	0.0170
1905-11	-0.0053	0.0029	-0.0024
1905-12	0.0247	0.0029	0.0276
1906-01	0.0346	0.0028	0.0374
1906-02	-0.0071	0.0029	-0.0042
1906-03	-0.0245	0.0030	-0.0215
1906-04	-0.0136	0.0031	-0.0105
1906-05	-0.0265	0.0033	-0.0233
1906-06	0.0131	0.0033	0.0163
1906-07	-0.0258	0.0034	-0.0224
1906-08	0.0740	0.0032	0.0772
1906-09	0.0308	0.0032	0.0340
1906-10	-0.0299	0.0033	-0.0266
1906-11	0.0206	0.0033	0.0239
1906-12	-0.0091	0.0034	-0.0057
1907-01	-0.0285	0.0035	-0.0249
1907-02	-0.0314	0.0037	-0.0277
1907-03	-0.0983	0.0041	-0.0942
1907-04	0.0048	0.0041	0.0089
1907-05	-0.0346	0.0043	-0.0303
1907-06	-0.0321	0.0045	-0.0276
1907-07	0.0383	0.0043	0.0426
1907-08	-0.0749	0.0047	-0.0702
1907-09	-0.0106	0.0048	-0.0058
1907-10	-0.1087	0.0054	-0.1033
1907-11	-0.0587	0.0058	-0.0529
1907-12	0.0512	0.0056	0.0568
1908-01	0.0426	0.0053	0.0479
1908-02	-0.0365	0.0055	-0.0310
1908-03	0.0409	0.0052	0.0461
1908-04	0.0539	0.0049	0.0588
1908-05	0.0539	0.0046	0.0585
1908-06	0.0013	0.0046	0.0059
1908-07	0.0366	0.0044	0.0410
1908-08	0.0429	0.0042	0.0471
1908-09	-0.0109	0.0042	-0.0067
1908-10	0.0122	0.0041	0.0163
1908-11	0.0677	0.0038	0.0715
1908-12	0.0227	0.0037	0.0263
1909-01	0.0033	0.0037	0.0070
1909-02	-0.0287	0.0039	-0.0248
1909-03	0.0136	0.0038	0.0175
1909-04	0.0448	0.0037	0.0485
1909-05	0.0333	0.0036	0.0369
1909-06	0.0177	0.0036	0.0212
1909-07	0.0143	0.0035	0.0178
1909-08	0.0241	0.0035	0.0276
1909-09	0.0010	0.0035	0.0045
1909-10	0.0039	0.0035	0.0075
1909-11	-0.0049	0.0036	-0.0013
1909-12	0.0118	0.0036	0.0153
1910-01	-0.0214	0.0037	-0.0177
1910-02	-0.0357	0.0038	-0.0319
1910-03	0.0247	0.0037	0.0284
1910-04	-0.0241	0.0039	-0.0202
1910-05	-0.0165	0.0039	-0.0125
1910-06	-0.0481	0.0042	-0.0440
1910-07	-0.0505	0.0044	-0.0461
1910-08	0.0243	0.0043	0.0286
1910-09	0.0068	0.0043	0.0111
1910-10	0.0460	0.0042	0.0502
1910-11	-0.0011	0.0042	0.0031
1910-12	-0.0279	0.0043	-0.0236
1911-01	0.0243	0.0042	0.0285
1911-02	0.0173	0.0042	0.0214
1911-03	-0.0117	0.0042	-0.0075
1911-04	-0.0043	0.0042	-0.0001
1911-05	0.0216	0.0041	0.0257
1911-06	0.0200	0.0041	0.0241
1911-07	-0.0041	0.0041	-0.0001
1911-08	-0.0478	0.0043	-0.0435
1911-09	-0.0545	0.0045	-0.0500
1911-10	0.0058	0.0045	0.0103
1911-11	0.0401	0.0043	0.0445
1911-12	0.0044	0.0043	0.0087
1912-01	0.0011	0.0043	0.0054
1912-02	-0.0088	0.0043	-0.0044
1912-03	0.0288	0.0042	0.0330
1912-04	0.0312	0.0041	0.0353
1912-05	-0.0010	0.0041	0.0031
1912-06	0.0000	0.0041	0.0041
1912-07	0.0010	0.0041	0.0052
1912-08	0.0229	0.0040	0.0270
1912-09	0.0051	0.0040	0.0091
1912-10	-0.0020	0.0041	0.0020
1912-11	-0.0112	0.0041	-0.0071
1912-12	-0.0360	0.0043	-0.0317
1913-01	-0.0085	0.0043	-0.0042
1913-02	-0.0355	0.0045	-0.0310
1913-03	-0.0190	0.0045	-0.0144
1913-04	-0.0011	0.0046	0.0034
1913-05	-0.0273	0.0047	-0.0226
1913-06	-0.0503	0.0049	-0.0454
1913-07	0.0135	0.0049	0.0184
1913-08	0.0267	0.0047	0.0315
1913-09	0.0095	0.0047	0.0142
1913-10	-0.0317	0.0048	-0.0268
1913-11	-0.0254	0.0050	-0.0205
1913-12	-0.0012	0.0050	0.0037
1914-01	0.0410	0.0047	0.0458
1914-02	0.0131	0.0046	0.0178
1914-03	-0.0189	0.0047	-0.0142
1914-04	-0.0240	0.0047	-0.0193
1914-05	0.0062	0.0046	0.0108
1914-06	-0.0049	0.0046	-0.0003
1914-07	-0.0554	0.0048	-0.0505
1914-08	0.0000	0.0048	0.0048
1914-09	0.0000	0.0047	0.0047
1914-10	0.0000	0.0047	0.0047
1914-11	0.0000	0.0046	0.0046
1914-12	-0.0430	0.0048	-0.0382
1915-01	0.0177	0.0047	0.0224
1915-02	-0.0134	0.0048	-0.0086
1915-03	0.0257	0.0047	0.0304
1915-04	0.0753	0.0043	0.0796
1915-05	-0.0233	0.0044	-0.0189
1915-06	0.0113	0.0044	0.0157
1915-07	-0.0037	0.0044	0.0007
1915-08	0.0424	0.0043	0.0467
1915-09	0.0371	0.0041	0.0412
1915-10	0.0554	0.0039	0.0593
1915-11	0.0350	0.0038	0.0388
1915-12	0.0021	0.0038	0.0059
1916-01	-0.0158	0.0039	-0.0119
1916-02	-0.0139	0.0041	-0.0098
1916-03	-0.0033	0.0042	0.0009
1916-04	-0.0109	0.0043	-0.0066
1916-05	0.0221	0.0044	0.0264
1916-06	0.0097	0.0044	0.0141
1916-07	-0.0139	0.0046	-0.0093
1916-08	0.0076	0.0046	0.0122
1916-09	0.0409	0.0045	0.0454
1916-10	0.0310	0.0045	0.0355
1916-11	0.0230	0.0045	0.0275
1916-12	-0.0402	0.0048	-0.0354
1917-01	-0.0235	0.0050	-0.0185
1917-02	-0.0564	0.0054	-0.0511
1917-03	0.0310	0.0053	0.0363
1917-04	-0.0150	0.0055	-0.0096
1917-05	-0.0338	0.0058	-0.0280
1917-06	0.0203	0.0058	0.0261
1917-07	-0.0277	0.0060	-0.0216
1917-08	-0.0296	0.0063	-0.0233
1917-09	-0.0481	0.0067	-0.0413
1917-10	-0.0542	0.0073	-0.0469
1917-11	-0.0833	0.0080	-0.0753
1917-12	-0.0341	0.0085	-0.0256
1918-01	0.0603	0.0079	0.0682
1918-02	0.0305	0.0075	0.0380
1918-03	-0.0202	0.0076	-0.0126
1918-04	-0.0096	0.0075	-0.0021
1918-05	0.0319	0.0072	0.0391
1918-06	0.0013	0.0070	0.0084
1918-07	0.0081	0.0069	0.0149
1918-08	0.0093	0.0067	0.0160
1918-09	-0.0053	0.0066	0.0014
1918-10	0.0424	0.0063	0.0487
1918-11	0.0254	0.0060	0.0314
1918-12	-0.0199	0.0060	-0.0138
1919-01	-0.0063	0.0060	-0.0003
1919-02	0.0038	0.0060	0.0098
1919-03	0.0305	0.0057	0.0362
1919-04	0.0333	0.0055	0.0388
1919-05	0.0691	0.0051	0.0743
1919-06	0.0268	0.0050	0.0317
1919-07	0.0326	0.0048	0.0374
1919-08	-0.0673	0.0051	-0.0622
1919-09	0.0158	0.0050	0.0208
1919-10	0.0511	0.0047	0.0558
1919-11	-0.0296	0.0048	-0.0247
1919-12	-0.0294	0.0050	-0.0244
1920-01	-0.0101	0.0050	-0.0051
1920-02	-0.0827	0.0054	-0.0773
1920-03	0.0704	0.0050	0.0754
1920-04	-0.0081	0.0051	-0.0030
1920-05	-0.0628	0.0054	-0.0574
1920-06	-0.0174	0.0055	-0.0119
1920-07	-0.0013	0.0055	0.0042
1920-08	-0.0392	0.0057	-0.0335
1920-09	0.0355	0.0055	0.0410
1920-10	0.0013	0.0054	0.0067
1920-11	-0.0508	0.0057	-0.0451
1920-12	-0.0896	0.0062	-0.0833
1921-01	0.0441	0.0059	0.0500
1921-02	-0.0070	0.0059	-0.0011
1921-03	-0.0255	0.0060	-0.0195
1921-04	0.0044	0.0059	0.0103
1921-05	0.0304	0.0057	0.0361
1921-06	-0.0801	0.0062	-0.0739
1921-07	-0.0031	0.0061	0.0031
1921-08	-0.0123	0.0062	-0.0061
1921-09	0.0248	0.0060	0.0308
1921-10	0.0136	0.0058	0.0194
1921-11	0.0537	0.0055	0.0592
1921-12	0.0354	0.0052	0.0407
1922-01	-0.0014	0.0053	0.0039
1922-02	0.0219	0.0052	0.0271
1922-03	0.0375	0.0051	0.0426
1922-04	0.0607	0.0048	0.0656
1922-05	0.0390	0.0047	0.0437
1922-06	-0.0094	0.0048	-0.0046
1922-07	0.0071	0.0048	0.0119
1922-08	0.0376	0.0047	0.0423
1922-09	0.0260	0.0046	0.0306
1922-10	0.0221	0.0045	0.0266
1922-11	-0.0497	0.0048	-0.0449
1922-12	-0.0023	0.0048	0.0026
1923-01	0.0137	0.0048	0.0185
1923-02	0.0427	0.0046	0.0473
1923-03	0.0162	0.0046	0.0207
1923-04	-0.0350	0.0047	-0.0303
1923-05	-0.0473	0.0050	-0.0423
1923-06	-0.0381	0.0052	-0.0329
1923-07	-0.0336	0.0054	-0.0282
1923-08	0.0050	0.0054	0.0103
1923-09	0.0062	0.0054	0.0115
1923-10	-0.0147	0.0055	-0.0093
1923-11	0.0299	0.0053	0.0352
1923-12	0.0339	0.0052	0.0390
1924-01	0.0327	0.0050	0.0378
1924-02	0.0045	0.0050	0.0095
1924-03	-0.0192	0.0051	-0.0140
1924-04	-0.0230	0.0053	-0.0177
1924-05	-0.0035	0.0053	0.0018
1924-06	0.0189	0.0052	0.0241
1924-07	0.0463	0.0050	0.0513
1924-08	0.0343	0.0048	0.0392
1924-09	-0.0096	0.0049	-0.0047
1924-10	-0.0130	0.0050	-0.0080
1924-11	0.0559	0.0047	0.0606
1924-12	0.0539	0.0045	0.0585
1925-01	0.0413	0.0044	0.0457
1925-02	0.0085	0.0044	0.0129
1925-03	-0.0262	0.0045	-0.0217
1925-04	-0.0106	0.0046	-0.0060
1925-05	0.0321	0.0045	0.0366
1925-06	0.0179	0.0044	0.0223
1925-07	0.0278	0.0043	0.0321
1925-08	0.0135	0.0043	0.0178
1925-09	0.0231	0.0043	0.0274
1925-10	0.0330	0.0041	0.0372
1925-11	0.0311	0.0040	0.0352
1925-12	0.0163	0.0040	0.0203
1926-01	0.0152	0.0040	0.0193
1926-02	0.0016	0.0040	0.0056
1926-03	-0.0679	0.0044	-0.0635
1926-04	-0.0279	0.0046	-0.0234
1926-05	0.0070	0.0046	0.0116
1926-06	0.0476	0.0044	0.0520
1926-07	0.0421	0.0043	0.0464
1926-08	0.0396	0.0042	0.0438
1926-09	0.0152	0.0042	0.0194
1926-10	-0.0225	0.0043	-0.0182
1926-11	0.0131	0.0043	0.0174
1926-12	0.0227	0.0043	0.0270
1927-01	-0.0067	0.0043	-0.0023
1927-02	0.0194	0.0043	0.0237
1927-03	0.0154	0.0043	0.0196
1927-04	0.0245	0.0042	0.0287
1927-05	0.0345	0.0041	0.0386
1927-06	0.0129	0.0041	0.0170
1927-07	0.0222	0.0040	0.0262
1927-08	0.0532	0.0039	0.0571
1927-09	0.0568	0.0037	0.0605
1927-10	-0.0153	0.0038	-0.0116
1927-11	0.0228	0.0037	0.0265
1927-12	0.0234	0.0037	0.0271
1928-01	0.0040	0.0037	0.0077
1928-02	-0.0120	0.0038	-0.0082
1928-03	0.0537	0.0036	0.0573
1928-04	0.0630	0.0034	0.0664
1928-05	0.0309	0.0033	0.0343
1928-06	-0.0490	0.0035	-0.0455
1928-07	0.0074	0.0036	0.0109
1928-08	0.0324	0.0035	0.0358
1928-09	0.0703	0.0033	0.0735
1928-10	0.0203	0.0032	0.0235
1928-11	0.0676	0.0030	0.0706
1928-12	0.0039	0.0031	0.0070
1929-01	0.0739	0.0029	0.0767
1929-02	0.0052	0.0029	0.0081
1929-03	0.0176	0.0029	0.0205
1929-04	-0.0059	0.0029	-0.0030
1929-05	0.0150	0.0029	0.0180
1929-06	0.0191	0.0029	0.0220
1929-07	0.0891	0.0027	0.0918
1929-08	0.0569	0.0026	0.0595
1929-09	0.0399	0.0025	0.0424
1929-10	-0.1058	0.0028	-0.1029
1929-11	-0.2647	0.0039	-0.2609
1929-12	0.0398	0.0038	0.0436
1930-01	0.0145	0.0037	0.0182
1930-02	0.0626	0.0035	0.0662
1930-03	0.0377	0.0034	0.0411
1930-04	0.0635	0.0032	0.0667
1930-05	-0.0597	0.0034	-0.0563
1930-06	-0.1011	0.0038	-0.0973
1930-07	-0.0214	0.0039	-0.0175
1930-08	-0.0128	0.0039	-0.0089
1930-09	-0.0005	0.0039	0.0034
1930-10	-0.1376	0.0045	-0.1331
1930-11	-0.0725	0.0049	-0.0676
1930-12	-0.0668	0.0053	-0.0615
1931-01	0.0303	0.0050	0.0353
1931-02	0.0763	0.0046	0.0810
1931-03	0.0192	0.0045	0.0237
1931-04	-0.0953	0.0049	-0.0904
1931-05	-0.0965	0.0053	-0.0912
1931-06	-0.0321	0.0054	-0.0267
1931-07	0.0332	0.0052	0.0383
1931-08	-0.0300	0.0052	-0.0248
1931-09	-0.1489	0.0061	-0.1429
1931-10	-0.1336	0.0069	-0.1267
1931-11	0.0137	0.0067	0.0203
1931-12	-0.1877	0.0081	-0.1796
1932-01	-0.0166	0.0080	-0.0086
1932-02	-0.0084	0.0078	-0.0007
1932-03	0.0036	0.0075	0.0111
1932-04	-0.2397	0.0095	-0.2302
1932-05	-0.1226	0.0104	-0.1122
1932-06	-0.1343	0.0115	-0.1228
1932-07	0.0503	0.0105	0.0608
1932-08	0.5030	0.0067	0.5097
1932-09	0.0969	0.0059	0.1028
1932-10	-0.1380	0.0065	-0.1315
1932-11	-0.0098	0.0062	-0.0036
1932-12	-0.0326	0.0061	-0.0265
1933-01	0.0396	0.0058	0.0454
1933-02	-0.1185	0.0065	-0.1119
1933-03	-0.0032	0.0065	0.0033
1933-04	0.1059	0.0058	0.1117
1933-05	0.2874	0.0045	0.2918
1933-06	0.1714	0.0038	0.1751
1933-07	0.0808	0.0035	0.0843
1933-08	-0.0499	0.0036	-0.0463
1933-09	-0.0084	0.0036	-0.0049
1933-10	-0.0974	0.0039	-0.0934
1933-11	0.0241	0.0038	0.0279
1933-12	0.0194	0.0037	0.0231
1934-01	0.0572	0.0035	0.0607
1934-02	0.0740	0.0033	0.0773
1934-03	-0.0512	0.0034	-0.0478
1934-04	0.0168	0.0034	0.0201
1934-05	-0.1016	0.0038	-0.0979
1934-06	0.0133	0.0037	0.0170
1934-07	-0.0473	0.0039	-0.0434
1934-08	-0.0391	0.0041	-0.0350
1934-09	-0.0242	0.0042	-0.0200
1934-10	0.0079	0.0042	0.0121
1934-11	0.0279	0.0041	0.0320
1934-12	0.0065	0.0040	0.0106
1935-01	0.0000	0.0040	0.0040
1935-02	-0.0302	0.0042	-0.0261
1935-03	-0.0635	0.0045	-0.0590
1935-04	0.0749	0.0041	0.0790
1935-05	0.0785	0.0038	0.0823
1935-06	0.0379	0.0036	0.0416
1935-07	0.0524	0.0034	0.0558
1935-08	0.0676	0.0032	0.0708
1935-09	0.0211	0.0032	0.0243
1935-10	0.0267	0.0031	0.0298
1935-11	0.0940	0.0029	0.0969
1935-12	0.0000	0.0030	0.0030
1936-01	0.0552	0.0029	0.0581
1936-02	0.0574	0.0028	0.0602
1936-03	0.0213	0.0028	0.0241
1936-04	0.0013	0.0029	0.0042
1936-05	-0.0531	0.0032	-0.0499
1936-06	0.0426	0.0031	0.0457
1936-07	0.0592	0.0031	0.0623
1936-08	0.0199	0.0031	0.0230
1936-09	0.0113	0.0032	0.0145
1936-10	0.0523	0.0032	0.0555
1936-11	0.0278	0.0033	0.0311
1936-12	-0.0173	0.0035	-0.0138
1937-01	0.0311	0.0035	0.0345
1937-02	0.0296	0.0034	0.0330
1937-03	-0.0011	0.0035	0.0024
1937-04	-0.0597	0.0038	-0.0559
1937-05	-0.0447	0.0042	-0.0405
1937-06	-0.0375	0.0045	-0.0331
1937-07	0.0595	0.0041	0.0636
1937-08	0.0103	0.0039	0.0142
1937-09	-0.1416	0.0045	-0.1371
1937-10	-0.1454	0.0053	-0.1401
1937-11	-0.0879	0.0059	-0.0821
1937-12	-0.0161	0.0060	-0.0100
1938-01	0.0263	0.0058	0.0322
1938-02	-0.0239	0.0059	-0.0179
1938-03	-0.0661	0.0063	-0.0598
1938-04	-0.0407	0.0065	-0.0343
1938-05	0.0091	0.0063	0.0154
1938-06	0.0230	0.0060	0.0291
1938-07	0.1988	0.0049	0.2037
1938-08	0.0057	0.0046	0.0104
1938-09	-0.0455	0.0047	-0.0408
1938-10	0.1115	0.0039	0.1154
1938-11	0.0008	0.0036	0.0043
1938-12	-0.0291	0.0033	-0.0257
1939-01	-0.0150	0.0034	-0.0116
1939-02	-0.0080	0.0035	-0.0045
1939-03	-0.0008	0.0035	0.0027
1939-04	-0.1259	0.0040	-0.1219
1939-05	0.0369	0.0039	0.0408
1939-06	0.0178	0.0039	0.0217
1939-07	0.0245	0.0038	0.0283
1939-08	-0.0145	0.0040	-0.0105
1939-09	0.1066	0.0037	0.1102
1939-10	0.0102	0.0037	0.0139
1939-11	-0.0178	0.0039	-0.0139
1939-12	-0.0237	0.0042	-0.0195
1940-01	-0.0057	0.0042	-0.0014
1940-02	-0.0065	0.0043	-0.0022
1940-03	-0.0057	0.0043	-0.0014
1940-04	0.0099	0.0043	0.0142
1940-05	-0.1377	0.0051	-0.1327
1940-06	-0.0860	0.0056	-0.0804
1940-07	0.0331	0.0055	0.0386
1940-08	0.0210	0.0054	0.0264
1940-09	0.0422	0.0053	0.0474
1940-10	0.0094	0.0052	0.0146
1940-11	0.0233	0.0051	0.0284
1940-12	-0.0410	0.0053	-0.0357
1941-01	0.0019	0.0053	0.0072
1941-02	-0.0626	0.0057	-0.0569
1941-03	0.0061	0.0057	0.0118
1941-04	-0.0312	0.0059	-0.0252
1941-05	-0.0218	0.0061	-0.0157
1941-06	0.0350	0.0059	0.0409
1941-07	0.0512	0.0056	0.0569
1941-08	-0.0049	0.0057	0.0008
1941-09	0.0029	0.0057	0.0086
1941-10	-0.0400	0.0060	-0.0341
1941-11	-0.0468	0.0063	-0.0405
1941-12	-0.0651	0.0068	-0.0583
1942-01	0.0194	0.0066	0.0260
1942-02	-0.0314	0.0067	-0.0246
1942-03	-0.0543	0.0070	-0.0473
1942-04	-0.0416	0.0072	-0.0343
1942-05	0.0115	0.0070	0.0185
1942-06	0.0504	0.0066	0.0570
1942-07	0.0372	0.0062	0.0435
1942-08	-0.0058	0.0061	0.0004
1942-09	0.0105	0.0060	0.0164
1942-10	0.0737	0.0055	0.0792
1942-11	0.0161	0.0053	0.0214
1942-12	0.0053	0.0052	0.0104
1943-01	0.0599	0.0049	0.0647
1943-02	0.0595	0.0046	0.0641
1943-03	0.0355	0.0044	0.0400
1943-04	0.0334	0.0043	0.0377
1943-05	0.0393	0.0041	0.0435
1943-06	0.0177	0.0041	0.0217
1943-07	0.0207	0.0040	0.0247
1943-08	-0.0494	0.0042	-0.0452
1943-09	0.0213	0.0042	0.0255
1943-10	-0.0092	0.0042	-0.0049
1943-11	-0.0463	0.0045	-0.0418
1943-12	0.0132	0.0044	0.0177
1944-01	0.0322	0.0043	0.0365
1944-02	-0.0068	0.0044	-0.0024
1944-03	0.0280	0.0043	0.0323
1944-04	-0.0174	0.0044	-0.0130
1944-05	0.0177	0.0043	0.0220
1944-06	0.0471	0.0041	0.0513
1944-07	0.0260	0.0041	0.0301
1944-08	-0.0146	0.0041	-0.0105
1944-09	-0.0164	0.0042	-0.0122
1944-10	0.0246	0.0041	0.0287
1944-11	-0.0070	0.0042	-0.0028
1944-12	0.0218	0.0041	0.0259
1945-01	0.0298	0.0040	0.0337
1945-02	0.0334	0.0039	0.0372
1945-03	-0.0007	0.0039	0.0032
1945-04	0.0251	0.0038	0.0289
1945-05	0.0378	0.0037	0.0415
1945-06	0.0182	0.0036	0.0218
1945-07	-0.0205	0.0037	-0.0169
1945-08	0.0034	0.0037	0.0071
1945-09	0.0681	0.0035	0.0716
1945-10	0.0417	0.0033	0.0450
1945-11	0.0327	0.0032	0.0360
1945-12	0.0170	0.0032	0.0202
1946-01	0.0398	0.0031	0.0429
1946-02	0.0028	0.0031	0.0059
1946-03	-0.0299	0.0032	-0.0267
1946-04	0.0645	0.0030	0.0675
1946-05	0.0021	0.0030	0.0052
1946-06	-0.0064	0.0030	-0.0034
1946-07	-0.0285	0.0032	-0.0254
1946-08	-0.0194	0.0032	-0.0162
1946-09	-0.1475	0.0038	-0.1436
1946-10	-0.0225	0.0039	-0.0186
1946-11	-0.0041	0.0040	-0.0001
1946-12	0.0300	0.0039	0.0339
1947-01	0.0053	0.0039	0.0092
1947-02	0.0388	0.0038	0.0426
1947-03	-0.0405	0.0040	-0.0365
1947-04	-0.0369	0.0042	-0.0328
1947-05	-0.0178	0.0043	-0.0135
1947-06	0.0349	0.0043	0.0391
1947-07	0.0627	0.0041	0.0667
1947-08	-0.0197	0.0042	-0.0155
1947-09	-0.0259	0.0044	-0.0215
1947-10	0.0259	0.0044	0.0302
1947-11	-0.0117	0.0045	-0.0072
1947-12	-0.0157	0.0047	-0.0111
1948-01	-0.0133	0.0047	-0.0086
1948-02	-0.0492	0.0050	-0.0442
1948-03	0.0142	0.0050	0.0191
1948-04	0.0769	0.0046	0.0815
1948-05	0.0487	0.0044	0.0531
1948-06	0.0415	0.0042	0.0457
1948-07	-0.0238	0.0043	-0.0194
1948-08	-0.0292	0.0045	-0.0247
1948-09	-0.0113	0.0046	-0.0067
1948-10	0.0273	0.0046	0.0319
1948-11	-0.0556	0.0050	-0.0506
1948-12	-0.0065	0.0051	-0.0014
1949-01	0.0112	0.0051	0.0163
1949-02	-0.0384	0.0054	-0.0330
1949-03	0.0095	0.0055	0.0150
1949-04	-0.0013	0.0056	0.0042
1949-05	-0.0074	0.0057	-0.0017
1949-06	-0.0548	0.0061	-0.0487
1949-07	0.0565	0.0058	0.0623
1949-08	0.0359	0.0056	0.0415
1949-09	0.0131	0.0056	0.0187
1949-10	0.0258	0.0056	0.0315
1949-11	0.0138	0.0057	0.0196
1949-12	0.0267	0.0057	0.0324
1950-01	0.0206	0.0057	0.0262
1950-02	0.0195	0.0056	0.0252
1950-03	0.0081	0.0056	0.0138
1950-04	0.0282	0.0055	0.0338
1950-05	0.0336	0.0054	0.0390
1950-06	0.0163	0.0053	0.0216
1950-07	-0.0726	0.0060	-0.0666
1950-08	0.0604	0.0058	0.0662
1950-09	0.0353	0.0058	0.0411
1950-10	0.0414	0.0058	0.0472
1950-11	-0.0020	0.0060	0.0040
1950-12	-0.0040	0.0062	0.0022
1951-01	0.0739	0.0058	0.0798
1951-02	0.0372	0.0057	0.0429
1951-03	-0.0168	0.0059	-0.0110
1951-04	0.0134	0.0058	0.0192
1951-05	0.0005	0.0059	0.0063
1951-06	-0.0173	0.0060	-0.0113
1951-07	0.0176	0.0059	0.0235
1951-08	0.0438	0.0056	0.0494
1951-09	0.0258	0.0054	0.0312
1951-10	-0.0051	0.0053	0.0002
1951-11	-0.0278	0.0053	-0.0225
1951-12	0.0308	0.0050	0.0358
1952-01	0.0333	0.0049	0.0382
1952-02	-0.0182	0.0050	-0.0132
1952-03	0.0025	0.0050	0.0075
1952-04	-0.0029	0.0050	0.0021
1952-05	-0.0004	0.0051	0.0046
1952-06	0.0274	0.0050	0.0323
1952-07	0.0287	0.0048	0.0335
1952-08	0.0040	0.0048	0.0088
1952-09	-0.0159	0.0049	-0.0110
1952-10	-0.0210	0.0049	-0.0160
1952-11	0.0317	0.0047	0.0365
1952-12	0.0404	0.0045	0.0449
1953-01	0.0054	0.0045	0.0099
1953-02	-0.0122	0.0045	-0.0077
1953-03	0.0050	0.0045	0.0095
1953-04	-0.0492	0.0048	-0.0445
1953-05	0.0053	0.0048	0.0100
1953-06	-0.0358	0.0049	-0.0309
1953-07	0.0142	0.0049	0.0191
1953-08	0.0041	0.0049	0.0090
1953-09	-0.0459	0.0051	-0.0408
1953-10	0.0301	0.0050	0.0351
1953-11	0.0221	0.0049	0.0270
1953-12	0.0135	0.0049	0.0183
1954-01	0.0254	0.0048	0.0301
1954-02	0.0220	0.0047	0.0267
1954-03	0.0211	0.0046	0.0257
1954-04	0.0399	0.0044	0.0443
1954-05	0.0398	0.0042	0.0440
1954-06	0.0080	0.0042	0.0122
1954-07	0.0404	0.0040	0.0444
1954-08	0.0199	0.0040	0.0239
1954-09	0.0234	0.0039	0.0273
1954-10	0.0232	0.0039	0.0271
1954-11	0.0392	0.0038	0.0429
1954-12	0.0458	0.0037	0.0494
1955-01	0.0180	0.0036	0.0216
1955-02	0.0334	0.0035	0.0369
1955-03	-0.0079	0.0036	-0.0043
1955-04	0.0345	0.0035	0.0380
1955-05	-0.0042	0.0035	-0.0008
1955-06	0.0580	0.0033	0.0613
1955-07	0.0732	0.0031	0.0762
1955-08	-0.0061	0.0031	-0.0029
1955-09	0.0450	0.0030	0.0481
1955-10	-0.0503	0.0032	-0.0471
1955-11	0.0674	0.0030	0.0705
1955-12	0.0093	0.0030	0.0124
1956-01	-0.0269	0.0032	-0.0237
1956-02	0.0063	0.0032	0.0095
1956-03	0.0689	0.0030	0.0719
1956-04	0.0118	0.0030	0.0148
1956-05	-0.0314	0.0032	-0.0282
1956-06	-0.0058	0.0032	-0.0026
1956-07	0.0542	0.0031	0.0573
1956-08	-0.0059	0.0031	-0.0028
1956-09	-0.0340	0.0033	-0.0308
1956-10	-0.0128	0.0033	-0.0096
1956-11	-0.0104	0.0032	-0.0072
1956-12	0.0149	0.0031	0.0180
1957-01	-0.0217	0.0032	-0.0186
1957-02	-0.0431	0.0033	-0.0398
1957-03	0.0129	0.0033	0.0162
1957-04	0.0232	0.0032	0.0264
1957-05	0.0384	0.0031	0.0415
1957-06	0.0165	0.0030	0.0195
1957-07	0.0202	0.0030	0.0232
1957-08	-0.0550	0.0032	-0.0519
1957-09	-0.0406	0.0033	-0.0372
1957-10	-0.0623	0.0036	-0.0587
1957-11	-0.0216	0.0037	-0.0179
1957-12	-0.0005	0.0037	0.0032
1958-01	0.0196	0.0036	0.0232
1958-02	0.0034	0.0036	0.0070
1958-03	0.0206	0.0035	0.0241
1958-04	0.0055	0.0035	0.0089
1958-05	0.0321	0.0033	0.0354
1958-06	0.0240	0.0032	0.0272
1958-07	0.0275	0.0031	0.0306
1958-08	0.0374	0.0030	0.0404
1958-09	0.0264	0.0029	0.0294
1958-10	0.0406	0.0028	0.0435
1958-11	0.0304	0.0028	0.0332
1958-12	0.0189	0.0027	0.0216
1959-01	0.0398	0.0026	0.0425
1959-02	-0.0153	0.0027	-0.0126
1959-03	0.0254	0.0026	0.0280
1959-04	0.0167	0.0026	0.0193
1959-05	0.0151	0.0026	0.0176
1959-06	-0.0086	0.0026	-0.0060
1959-07	0.0397	0.0025	0.0422
1959-08	-0.0057	0.0025	-0.0032
1959-09	-0.0396	0.0026	-0.0369
1959-10	-0.0009	0.0027	0.0018
1959-11	0.0040	0.0027	0.0067
1959-12	0.0320	0.0026	0.0346
1960-01	-0.0174	0.0027	-0.0148
1960-02	-0.0388	0.0028	-0.0359
1960-03	-0.0136	0.0029	-0.0107
1960-04	0.0129	0.0029	0.0158
1960-05	-0.0092	0.0029	-0.0062
1960-06	0.0369	0.0028	0.0398
1960-07	-0.0248	0.0029	-0.0219
1960-08	0.0120	0.0029	0.0149
1960-09	-0.0301	0.0030	-0.0271
1960-10	-0.0197	0.0030	-0.0167
1960-11	0.0324	0.0029	0.0353
1960-12	0.0240	0.0029	0.0268
1961-01	0.0514	0.0027	0.0541
1961-02	0.0410	0.0026	0.0436
1961-03	0.0314	0.0025	0.0339
1961-04	0.0267	0.0025	0.0291
1961-05	0.0102	0.0024	0.0126
1961-06	-0.0132	0.0025	-0.0108
1961-07	-0.0027	0.0025	-0.0003
1961-08	0.0359	0.0024	0.0383
1961-09	-0.0078	0.0024	-0.0054
1961-10	0.0110	0.0024	0.0134
1961-11	0.0453	0.0023	0.0476
1961-12	0.0093	0.0023	0.0116
1962-01	-0.0372	0.0024	-0.0348
1962-02	0.0166	0.0024	0.0191
1962-03	0.0010	0.0024	0.0034
1962-04	-0.0319	0.0025	-0.0294
1962-05	-0.0744	0.0027	-0.0716
1962-06	-0.1168	0.0031	-0.1138
1962-07	0.0241	0.0030	0.0271
1962-08	0.0272	0.0030	0.0302
1962-09	-0.0089	0.0030	-0.0059
1962-10	-0.0316	0.0031	-0.0284
1962-11	0.0689	0.0029	0.0718
1962-12	0.0433	0.0028	0.0461
1963-01	0.0386	0.0027	0.0414
1963-02	0.0132	0.0027	0.0159
1963-03	-0.0038	0.0027	-0.0011
1963-04	0.0471	0.0026	0.0497
1963-05	0.0201	0.0026	0.0227
1963-06	-0.0004	0.0026	0.0022
1963-07	-0.0148	0.0027	-0.0122
1963-08	0.0277	0.0026	0.0302
1963-09	0.0263	0.0025	0.0289
1963-10	0.0025	0.0025	0.0050
1963-11	-0.0056	0.0026	-0.0030
1963-12	0.0213	0.0026	0.0239
1964-01	0.0307	0.0025	0.0332
1964-02	0.0123	0.0025	0.0148
1964-03	0.0182	0.0025	0.0207
1964-04	0.0145	0.0024	0.0169
1964-05	0.0098	0.0024	0.0122
1964-06	-0.0059	0.0025	-0.0035
1964-07	0.0371	0.0024	0.0395
1964-08	-0.0147	0.0025	-0.0122
1964-09	0.0172	0.0024	0.0196
1964-10	0.0173	0.0024	0.0197
1964-11	0.0070	0.0024	0.0094
1964-12	-0.0173	0.0025	-0.0148
1965-01	0.0257	0.0024	0.0282
1965-02	0.0073	0.0024	0.0097
1965-03	0.0009	0.0024	0.0034
1965-04	0.0131	0.0024	0.0156
1965-05	0.0149	0.0024	0.0173
1965-06	-0.0475	0.0026	-0.0449
1965-07	-0.0015	0.0026	0.0010
1965-08	0.0186	0.0025	0.0212
1965-09	0.0334	0.0025	0.0359
1965-10	0.0225	0.0024	0.0249
1965-11	0.0083	0.0024	0.0108
1965-12	-0.0046	0.0025	-0.0021
1966-01	0.0173	0.0024	0.0198
1966-02	-0.0068	0.0025	-0.0043
1966-03	-0.0411	0.0026	-0.0385
1966-04	0.0306	0.0025	0.0331
1966-05	-0.0526	0.0027	-0.0499
1966-06	-0.0083	0.0027	-0.0056
1966-07	-0.0026	0.0028	0.0002
1966-08	-0.0605	0.0030	-0.0575
1966-09	-0.0352	0.0031	-0.0321
1966-10	-0.0087	0.0031	-0.0056
1966-11	0.0500	0.0030	0.0530
1966-12	0.0042	0.0029	0.0071
1967-01	0.0384	0.0028	0.0412
1967-02	0.0345	0.0028	0.0372
1967-03	0.0236	0.0027	0.0263
1967-04	0.0172	0.0027	0.0199
1967-05	0.0179	0.0026	0.0205
1967-06	-0.0125	0.0026	-0.0099
1967-07	0.0173	0.0026	0.0199
1967-08	0.0159	0.0026	0.0185
1967-09	0.0140	0.0025	0.0165
1967-10	-0.0016	0.0025	0.0010
1967-11	-0.0314	0.0026	-0.0287
1967-12	0.0285	0.0026	0.0310
1968-01	-0.0027	0.0026	-0.0002
1968-02	-0.0451	0.0027	-0.0424
1968-03	-0.0183	0.0028	-0.0155
1968-04	0.0739	0.0026	0.0764
1968-05	0.0230	0.0025	0.0255
1968-06	0.0269	0.0025	0.0294
1968-07	-0.0020	0.0025	0.0005
1968-08	-0.0218	0.0026	-0.0193
1968-09	0.0325	0.0025	0.0350
1968-10	0.0247	0.0024	0.0271
1968-11	0.0154	0.0024	0.0178
1968-12	0.0104	0.0024	0.0128
1969-01	-0.0423	0.0025	-0.0397
1969-02	-0.0049	0.0025	-0.0024
1969-03	-0.0217	0.0026	-0.0191
1969-04	0.0201	0.0026	0.0227
1969-05	0.0326	0.0025	0.0351
1969-06	-0.0522	0.0026	-0.0496
1969-07	-0.0447	0.0028	-0.0419
1969-08	-0.0056	0.0028	-0.0028
1969-09	0.0035	0.0028	0.0063
1969-10	0.0107	0.0028	0.0134
1969-11	0.0072	0.0027	0.0100
1969-12	-0.0530	0.0029	-0.0501
1970-01	-0.0088	0.0029	-0.0059
1970-02	-0.0349	0.0030	-0.0319
1970-03	0.0171	0.0030	0.0201
1970-04	-0.0305	0.0031	-0.0274
1970-05	-0.1151	0.0035	-0.1116
1970-06	-0.0062	0.0035	-0.0027
1970-07	0.0017	0.0035	0.0052
1970-08	0.0291	0.0034	0.0325
1970-09	0.0598	0.0032	0.0630
1970-10	0.0217	0.0031	0.0248
1970-11	-0.0011	0.0031	0.0021
1970-12	0.0685	0.0029	0.0714
1971-01	0.0382	0.0028	0.0410
1971-02	0.0387	0.0027	0.0414
1971-03	0.0256	0.0026	0.0282
1971-04	0.0341	0.0025	0.0367
1971-05	-0.0136	0.0025	-0.0110
1971-06	-0.0185	0.0026	-0.0159
1971-07	-0.0072	0.0026	-0.0046
1971-08	-0.0178	0.0027	-0.0151
1971-09	0.0222	0.0026	0.0248
1971-10	-0.0212	0.0026	-0.0186
1971-11	-0.0464	0.0028	-0.0436
1971-12	0.0689	0.0026	0.0715
1972-01	0.0416	0.0025	0.0441
1972-02	0.0184	0.0024	0.0208
1972-03	0.0238	0.0024	0.0261
1972-04	0.0102	0.0024	0.0126
1972-05	-0.0101	0.0024	-0.0077
1972-06	0.0028	0.0024	0.0052
1972-07	-0.0074	0.0024	-0.0050
1972-08	0.0354	0.0023	0.0378
1972-09	-0.0144	0.0023	-0.0121
1972-10	0.0018	0.0024	0.0042
1972-11	0.0502	0.0023	0.0524
1972-12	0.0209	0.0022	0.0231
1973-01	0.0077	0.0022	0.0099
1973-02	-0.0355	0.0023	-0.0332
1973-03	-0.0158	0.0024	-0.0134
1973-04	-0.0187	0.0024	-0.0163
1973-05	-0.0281	0.0025	-0.0256
1973-06	-0.0224	0.0026	-0.0198
1973-07	0.0095	0.0025	0.0121
1973-08	-0.0189	0.0026	-0.0163
1973-09	0.0173	0.0026	0.0199
1973-10	0.0398	0.0025	0.0423
1973-11	-0.0710	0.0027	-0.0683
1973-12	-0.0708	0.0030	-0.0678
1974-01	0.0140	0.0029	0.0170
1974-02	-0.0277	0.0030	-0.0246
1974-03	0.0427	0.0029	0.0456
1974-04	-0.0511	0.0031	-0.0480
1974-05	-0.0302	0.0032	-0.0269
1974-06	0.0013	0.0032	0.0046
1974-07	-0.1167	0.0037	-0.1130
1974-08	-0.0414	0.0039	-0.0375
1974-09	-0.1040	0.0044	-0.0996
1974-10	0.0194	0.0043	0.0237
1974-11	0.0331	0.0042	0.0373
1974-12	-0.0651	0.0045	-0.0606
1975-01	0.0819	0.0042	0.0860
1975-02	0.1039	0.0038	0.1077
1975-03	0.0459	0.0037	0.0496
1975-04	0.0112	0.0036	0.0148
1975-05	0.0635	0.0034	0.0669
1975-06	0.0255	0.0033	0.0289
1975-07	0.0010	0.0033	0.0043
1975-08	-0.0733	0.0036	-0.0697
1975-09	-0.0121	0.0037	-0.0085
1975-10	0.0461	0.0035	0.0495
1975-11	0.0169	0.0034	0.0203
1975-12	-0.0152	0.0035	-0.0118
1976-01	0.0920	0.0032	0.0952
1976-02	0.0386	0.0031	0.0417
1976-03	0.0050	0.0030	0.0080
1976-04	0.0079	0.0030	0.0109
1976-05	-0.0069	0.0031	-0.0038
1976-06	0.0059	0.0031	0.0090
1976-07	0.0236	0.0030	0.0266
1976-08	-0.0086	0.0031	-0.0056
1976-09	0.0213	0.0030	0.0243
1976-10	-0.0341	0.0032	-0.0309
1976-11	-0.0069	0.0033	-0.0036
1976-12	0.0346	0.0032	0.0378
1977-01	-0.0086	0.0033	-0.0053
1977-02	-0.0270	0.0034	-0.0236
1977-03	-0.0040	0.0035	-0.0005
1977-04	-0.0154	0.0036	-0.0118
1977-05	-0.0029	0.0036	0.0007
1977-06	0.0054	0.0037	0.0090
1977-07	0.0092	0.0037	0.0128
1977-08	-0.0245	0.0038	-0.0207
1977-09	-0.0155	0.0039	-0.0117
1977-10	-0.0259	0.0041	-0.0218
1977-11	0.0058	0.0041	0.0098
1977-12	-0.0049	0.0041	-0.0007
1978-01	-0.0381	0.0044	-0.0337
1978-02	-0.0141	0.0045	-0.0096
1978-03	-0.0018	0.0045	0.0027
1978-04	0.0438	0.0043	0.0481
1978-05	0.0507	0.0042	0.0549
1978-06	0.0026	0.0042	0.0068
1978-07	-0.0048	0.0042	-0.0006
1978-08	0.0690	0.0040	0.0730
1978-09	0.0000	0.0040	0.0040
1978-10	-0.0318	0.0042	-0.0276
1978-11	-0.0585	0.0044	-0.0541
1978-12	0.0148	0.0044	0.0192
1979-01	0.0375	0.0043	0.0417
1979-02	-0.0148	0.0044	-0.0105
1979-03	0.0190	0.0043	0.0234
1979-04	0.0200	0.0043	0.0243
1979-05	-0.0232	0.0044	-0.0188
1979-06	0.0198	0.0044	0.0241
1979-07	0.0098	0.0044	0.0142
1979-08	0.0458	0.0042	0.0500
1979-09	0.0112	0.0042	0.0154
1979-10	-0.0378	0.0044	-0.0333
1979-11	-0.0077	0.0045	-0.0032
1979-12	0.0395	0.0044	0.0439
1980-01	0.0288	0.0043	0.0330
1980-02	0.0397	0.0042	0.0438
1980-03	-0.0919	0.0046	-0.0873
1980-04	-0.0162	0.0047	-0.0115
1980-05	0.0456	0.0046	0.0502
1980-06	0.0641	0.0043	0.0684
1980-07	0.0454	0.0042	0.0495
1980-08	0.0309	0.0041	0.0350
1980-09	0.0243	0.0040	0.0283
1980-10	0.0292	0.0039	0.0332
1980-11	0.0422	0.0038	0.0460
1980-12	-0.0162	0.0038	-0.0124
1981-01	-0.0037	0.0039	0.0001
1981-02	-0.0346	0.0040	-0.0305
1981-03	0.0374	0.0039	0.0413
1981-04	0.0090	0.0039	0.0129
1981-05	-0.0201	0.0040	-0.0161
1981-06	0.0046	0.0040	0.0086
1981-07	-0.0242	0.0042	-0.0200
1981-08	0.0039	0.0042	0.0080
1981-09	-0.0872	0.0046	-0.0826
1981-10	0.0127	0.0046	0.0172
1981-11	0.0259	0.0045	0.0303
1981-12	0.0073	0.0045	0.0118
1982-01	-0.0525	0.0047	-0.0478
1982-02	-0.0239	0.0049	-0.0190
1982-03	-0.0323	0.0051	-0.0273
1982-04	0.0496	0.0048	0.0545
1982-05	0.0009	0.0049	0.0057
1982-06	-0.0576	0.0052	-0.0524
1982-07	-0.0027	0.0052	0.0025
1982-08	0.0027	0.0052	0.0079
1982-09	0.1158	0.0047	0.1204
1982-10	0.0842	0.0043	0.0885
1982-11	0.0407	0.0041	0.0448
1982-12	0.0094	0.0041	0.0135
1983-01	0.0352	0.0040	0.0391
1983-02	0.0173	0.0039	0.0212
1983-03	0.0347	0.0038	0.0385
1983-04	0.0382	0.0037	0.0418
1983-05	0.0406	0.0035	0.0441
1983-06	0.0140	0.0035	0.0175
1983-07	0.0036	0.0035	0.0071
1983-08	-0.0275	0.0036	-0.0240
1983-09	0.0296	0.0035	0.0330
1983-10	0.0030	0.0035	0.0065
1983-11	-0.0149	0.0036	-0.0113
1983-12	-0.0048	0.0036	-0.0012
1984-01	0.0122	0.0036	0.0157
1984-02	-0.0547	0.0038	-0.0509
1984-03	0.0006	0.0038	0.0044
1984-04	0.0013	0.0038	0.0051
1984-05	-0.0063	0.0039	-0.0025
1984-06	-0.0223	0.0040	-0.0184
1984-07	-0.0131	0.0040	-0.0090
1984-08	0.0880	0.0037	0.0918
1984-09	0.0103	0.0037	0.0140
1984-10	-0.0078	0.0038	-0.0041
1984-11	0.0091	0.0037	0.0129
1984-12	-0.0108	0.0038	-0.0070
1985-01	0.0432	0.0037	0.0468
1985-02	0.0542	0.0035	0.0577
1985-03	-0.0083	0.0036	-0.0047
1985-04	0.0067	0.0035	0.0102
1985-05	0.0238	0.0035	0.0273
1985-06	0.0216	0.0034	0.0250
1985-07	0.0191	0.0034	0.0224
1985-08	-0.0218	0.0035	-0.0184
1985-09	-0.0223	0.0035	-0.0188
1985-10	0.0114	0.0035	0.0149
1985-11	0.0607	0.0033	0.0640
1985-12	0.0496	0.0032	0.0528
1986-01	0.0043	0.0032	0.0075
1986-02	0.0538	0.0030	0.0568
1986-03	0.0588	0.0029	0.0617
1986-04	0.0245	0.0028	0.0274
1986-05	0.0021	0.0028	0.0049
1986-06	0.0285	0.0028	0.0313
1986-07	-0.0208	0.0028	-0.0180
1986-08	0.0200	0.0028	0.0228
1986-09	-0.0273	0.0029	-0.0245
1986-10	-0.0038	0.0029	-0.0009
1986-11	0.0324	0.0028	0.0352
1986-12	0.0143	0.0028	0.0171
1987-01	0.0640	0.0026	0.0666
1987-02	0.0620	0.0025	0.0645
1987-03	0.0413	0.0024	0.0437
1987-04	-0.0109	0.0024	-0.0085
1987-05	-0.0007	0.0024	0.0017
1987-06	0.0425	0.0024	0.0449
1987-07	0.0289	0.0023	0.0312
1987-08	0.0622	0.0022	0.0644
1987-09	-0.0325	0.0023	-0.0302
1987-10	-0.1208	0.0026	-0.1182
1987-11	-0.1256	0.0030	-0.1226
1987-12	-0.0163	0.0030	-0.0133
1988-01	0.0394	0.0029	0.0424
1988-02	0.0303	0.0029	0.0332
1988-03	0.0294	0.0028	0.0323
1988-04	-0.0117	0.0029	-0.0088
1988-05	-0.0248	0.0030	-0.0218
1988-06	0.0570	0.0028	0.0599
1988-07	-0.0059	0.0029	-0.0030
1988-08	-0.0201	0.0030	-0.0171
1988-09	0.0163	0.0029	0.0192
1988-10	0.0351	0.0029	0.0379
1988-11	-0.0231	0.0030	-0.0201
1988-12	0.0203	0.0029	0.0232
1989-01	0.0322	0.0029	0.0351
1989-02	0.0301	0.0028	0.0329
1989-03	-0.0044	0.0028	-0.0016
1989-04	0.0328	0.0028	0.0356
1989-05	0.0384	0.0027	0.0411
1989-06	0.0312	0.0027	0.0339
1989-07	0.0253	0.0026	0.0279
1989-08	0.0443	0.0025	0.0468
1989-09	0.0020	0.0026	0.0046
1989-10	0.0003	0.0026	0.0029
1989-11	-0.0207	0.0027	-0.0180
1989-12	0.0247	0.0026	0.0273
1990-01	-0.0248	0.0027	-0.0220
1990-02	-0.0280	0.0028	-0.0252
1990-03	0.0242	0.0028	0.0270
1990-04	-0.0008	0.0028	0.0020
1990-05	0.0357	0.0027	0.0384
1990-06	0.0290	0.0027	0.0316
1990-07	-0.0010	0.0027	0.0017
1990-08	-0.0813	0.0030	-0.0784
1990-09	-0.0464	0.0031	-0.0433
1990-10	-0.0263	0.0032	-0.0230
1990-11	0.0266	0.0032	0.0298
1990-12	0.0427	0.0031	0.0458
1991-01	-0.0099	0.0031	-0.0068
1991-02	0.1130	0.0028	0.1158
1991-03	0.0277	0.0027	0.0304
1991-04	0.0199	0.0027	0.0225
1991-05	-0.0045	0.0027	-0.0018
1991-06	0.0008	0.0027	0.0035
1991-07	0.0051	0.0027	0.0078
1991-08	0.0241	0.0026	0.0267
1991-09	-0.0056	0.0026	-0.0030
1991-10	-0.0008	0.0026	0.0018
1991-11	-0.0025	0.0026	0.0002
1991-12	0.0067	0.0026	0.0093
1992-01	0.0710	0.0025	0.0734
1992-02	-0.0085	0.0025	-0.0060
1992-03	-0.0126	0.0025	-0.0101
1992-04	0.0001	0.0025	0.0026
1992-05	0.0182	0.0025	0.0206
1992-06	-0.0158	0.0025	-0.0133
1992-07	0.0166	0.0025	0.0191
1992-08	0.0069	0.0025	0.0094
1992-09	0.0013	0.0025	0.0038
1992-10	-0.0143	0.0025	-0.0118
1992-11	0.0251	0.0024	0.0275
1992-12	0.0303	0.0024	0.0326
1993-01	-0.0009	0.0024	0.0014
1993-02	0.0149	0.0023	0.0172
1993-03	0.0192	0.0023	0.0215
1993-04	-0.0157	0.0023	-0.0134
1993-05	0.0049	0.0023	0.0072
1993-06	0.0063	0.0023	0.0086
1993-07	-0.0017	0.0023	0.0006
1993-08	0.0153	0.0023	0.0176
1993-09	0.0113	0.0023	0.0135
1993-10	0.0101	0.0023	0.0124
1993-11	-0.0022	0.0023	0.0001
1993-12	0.0066	0.0022	0.0089
1994-01	0.0151	0.0022	0.0173
1994-02	-0.0030	0.0022	-0.0007
1994-03	-0.0165	0.0023	-0.0142
1994-04	-0.0357	0.0024	-0.0334
1994-05	0.0082	0.0024	0.0106
1994-06	0.0087	0.0024	0.0111
1994-07	-0.0075	0.0024	-0.0052
1994-08	0.0284	0.0023	0.0308
1994-09	0.0059	0.0023	0.0082
1994-10	-0.0067	0.0023	-0.0044
1994-11	-0.0060	0.0024	-0.0037
1994-12	-0.0126	0.0024	-0.0102
1995-01	0.0221	0.0024	0.0245
1995-02	0.0358	0.0023	0.0381
1995-03	0.0233	0.0022	0.0255
1995-04	0.0299	0.0022	0.0321
1995-05	0.0313	0.0021	0.0334
1995-06	0.0297	0.0021	0.0317
1995-07	0.0334	0.0020	0.0354
1995-08	0.0031	0.0020	0.0051
1995-09	0.0352	0.0020	0.0371
1995-10	0.0072	0.0020	0.0091
1995-11	0.0216	0.0019	0.0236
1995-12	0.0320	0.0019	0.0338
1996-01	-0.0002	0.0019	0.0016
1996-02	0.0572	0.0018	0.0590
1996-03	-0.0038	0.0018	-0.0020
1996-04	0.0002	0.0018	0.0020
1996-05	0.0217	0.0018	0.0235
1996-06	0.0110	0.0018	0.0128
1996-07	-0.0365	0.0019	-0.0347
1996-08	0.0289	0.0018	0.0307
1996-09	0.0184	0.0018	0.0202
1996-10	0.0394	0.0018	0.0411
1996-11	0.0488	0.0017	0.0504
1996-12	0.0103	0.0017	0.0120
1997-01	0.0309	0.0016	0.0325
1997-02	0.0420	0.0016	0.0436
1997-03	-0.0078	0.0016	-0.0062
1997-04	-0.0356	0.0016	-0.0340
1997-05	0.0905	0.0015	0.0920
1997-06	0.0519	0.0014	0.0533
1997-07	0.0559	0.0014	0.0573
1997-08	0.0021	0.0014	0.0035
1997-09	0.0105	0.0014	0.0119
1997-10	0.0151	0.0013	0.0164
1997-11	-0.0129	0.0014	-0.0115
1997-12	0.0250	0.0013	0.0263
1998-01	0.0010	0.0013	0.0024
1998-02	0.0627	0.0013	0.0639
1998-03	0.0519	0.0012	0.0531
1998-04	0.0328	0.0012	0.0340
1998-05	-0.0034	0.0012	-0.0022
1998-06	0.0000	0.0012	0.0012
1998-07	0.0435	0.0012	0.0446
1998-08	-0.0709	0.0012	-0.0696
1998-09	-0.0502	0.0013	-0.0489
1998-10	0.0116	0.0013	0.0129
1998-11	0.1084	0.0012	0.1096
1998-12	0.0399	0.0011	0.0410
1999-01	0.0493	0.0011	0.0504
1999-02	-0.0018	0.0011	-0.0007
1999-03	0.0281	0.0011	0.0292
1999-04	0.0414	0.0010	0.0425
1999-05	-0.0020	0.0010	-0.0010
1999-06	-0.0071	0.0010	-0.0061
1999-07	0.0442	0.0010	0.0452
1999-08	-0.0387	0.0010	-0.0377
1999-09	-0.0070	0.0011	-0.0060
1999-10	-0.0138	0.0011	-0.0127
1999-11	0.0700	0.0010	0.0710
1999-12	0.0271	0.0010	0.0281
2000-01	-0.0022	0.0010	-0.0012
2000-02	-0.0258	0.0010	-0.0248
2000-03	0.0384	0.0010	0.0394
2000-04	0.0133	0.0010	0.0142
2000-05	-0.0293	0.0010	-0.0284
2000-06	0.0307	0.0010	0.0316
2000-07	0.0076	0.0009	0.0085
2000-08	0.0085	0.0009	0.0094
2000-09	-0.0117	0.0009	-0.0108
2000-10	-0.0531	0.0010	-0.0521
2000-11	-0.0087	0.0010	-0.0077
2000-12	-0.0342	0.0010	-0.0332
2001-01	0.0035	0.0010	0.0045
2001-02	-0.0224	0.0010	-0.0213
2001-03	-0.0918	0.0011	-0.0907
2001-04	0.0034	0.0011	0.0045
2001-05	0.0677	0.0010	0.0687
2001-06	-0.0249	0.0011	-0.0239
2001-07	-0.0277	0.0011	-0.0266
2001-08	-0.0215	0.0011	-0.0204
2001-09	-0.1136	0.0013	-0.1123
2001-10	0.0306	0.0012	0.0318
2001-11	0.0493	0.0012	0.0505
2001-12	0.0135	0.0011	0.0146
2002-01	-0.0041	0.0012	-0.0030
2002-02	-0.0347	0.0012	-0.0335
2002-03	0.0483	0.0011	0.0494
2002-04	-0.0363	0.0012	-0.0351
2002-05	-0.0294	0.0012	-0.0282
2002-06	-0.0604	0.0013	-0.0591
2002-07	-0.1089	0.0015	-0.1074
2002-08	0.0099	0.0015	0.0114
2002-09	-0.0490	0.0015	-0.0475
2002-10	-0.0152	0.0015	-0.0136
2002-11	0.0647	0.0015	0.0662
2002-12	-0.0118	0.0015	-0.0103
2003-01	-0.0037	0.0015	-0.0022
2003-02	-0.0656	0.0016	-0.0640
2003-03	0.0115	0.0016	0.0131
2003-04	0.0513	0.0015	0.0528
2003-05	0.0516	0.0014	0.0530
2003-06	0.0556	0.0014	0.0570
2003-07	0.0046	0.0014	0.0060
2003-08	-0.0030	0.0014	-0.0016
2003-09	0.0302	0.0014	0.0316
2003-10	0.0189	0.0014	0.0203
2003-11	0.0108	0.0014	0.0121
2003-12	0.0293	0.0013	0.0306
2004-01	0.0480	0.0013	0.0493
2004-02	0.0096	0.0013	0.0109
2004-03	-0.0170	0.0013	-0.0156
2004-04	0.0083	0.0013	0.0097
2004-05	-0.0270	0.0014	-0.0256
2004-06	0.0272	0.0014	0.0286
2004-07	-0.0238	0.0014	-0.0223
2004-08	-0.0153	0.0015	-0.0138
2004-09	0.0264	0.0014	0.0278
2004-10	-0.0004	0.0014	0.0010
2004-11	0.0463	0.0014	0.0477
2004-12	0.0259	0.0014	0.0272
2005-01	-0.0148	0.0014	-0.0135
2005-02	0.0154	0.0014	0.0168
2005-03	-0.0039	0.0014	-0.0025
2005-04	-0.0255	0.0015	-0.0240
2005-05	0.0119	0.0015	0.0134
2005-06	0.0203	0.0015	0.0218
2005-07	0.0166	0.0014	0.0181
2005-08	0.0017	0.0014	0.0031
2005-09	0.0013	0.0015	0.0028
2005-10	-0.0277	0.0015	-0.0262
2005-11	0.0381	0.0015	0.0396
2005-12	0.0200	0.0015	0.0214
2006-01	0.0132	0.0015	0.0147
2006-02	-0.0016	0.0015	-0.0002
2006-03	0.0134	0.0015	0.0149
2006-04	0.0065	0.0015	0.0080
2006-05	-0.0093	0.0015	-0.0078
2006-06	-0.0286	0.0016	-0.0270
2006-07	0.0056	0.0016	0.0072
2006-08	0.0214	0.0015	0.0229
2006-09	0.0238	0.0015	0.0253
2006-10	0.0346	0.0015	0.0361
2006-11	0.0185	0.0015	0.0200
2006-12	0.0200	0.0015	0.0215
2007-01	0.0055	0.0015	0.0069
2007-02	0.0145	0.0015	0.0160
2007-03	-0.0262	0.0015	-0.0247
2007-04	0.0403	0.0015	0.0418
2007-05	0.0325	0.0014	0.0339
2007-06	0.0020	0.0014	0.0035
2007-07	0.0043	0.0014	0.0058
2007-08	-0.0435	0.0015	-0.0419
2007-09	0.0292	0.0015	0.0307
2007-10	0.0284	0.0015	0.0299
2007-11	-0.0495	0.0016	-0.0480
2007-12	0.0108	0.0016	0.0124
2008-01	-0.0679	0.0017	-0.0662
2008-02	-0.0173	0.0017	-0.0156
2008-03	-0.0280	0.0018	-0.0262
2008-04	0.0406	0.0017	0.0424
2008-05	0.0239	0.0017	0.0256
2008-06	-0.0442	0.0018	-0.0424
2008-07	-0.0626	0.0019	-0.0607
2008-08	0.0192	0.0019	0.0211
2008-09	-0.0503	0.0020	-0.0484
2008-10	-0.2039	0.0025	-0.2014
2008-11	-0.0885	0.0027	-0.0858
2008-12	-0.0062	0.0027	-0.0035
2009-01	-0.0137	0.0027	-0.0110
2009-02	-0.0697	0.0029	-0.0669
2009-03	-0.0597	0.0030	-0.0567
2009-04	0.1202	0.0026	0.1228
2009-05	0.0640	0.0024	0.0664
2009-06	0.0263	0.0023	0.0286
2009-07	0.0105	0.0022	0.0127
2009-08	0.0790	0.0020	0.0810
2009-09	0.0345	0.0019	0.0364
2009-10	0.0221	0.0018	0.0240
2009-11	0.0191	0.0018	0.0209
2009-12	0.0205	0.0017	0.0222
2010-01	0.0119	0.0016	0.0135
2010-02	-0.0306	0.0017	-0.0289
2010-03	0.0577	0.0016	0.0593
2010-04	0.0393	0.0015	0.0408
2010-05	-0.0604	0.0016	-0.0587
2010-06	-0.0371	0.0017	-0.0354
2010-07	-0.0033	0.0017	-0.0016
2010-08	0.0069	0.0017	0.0086
2010-09	0.0320	0.0017	0.0337
2010-10	0.0441	0.0016	0.0457
2010-11	0.0233	0.0016	0.0249
2010-12	0.0356	0.0015	0.0371
2011-01	0.0331	0.0015	0.0346
2011-02	0.0300	0.0015	0.0315
2011-03	-0.0126	0.0015	-0.0111
2011-04	0.0207	0.0015	0.0222
2011-05	0.0051	0.0015	0.0066
2011-06	-0.0381	0.0016	-0.0365
2011-07	0.0294	0.0015	0.0310
2011-08	-0.1056	0.0018	-0.1038
2011-09	-0.0096	0.0018	-0.0079
2011-10	0.0284	0.0018	0.0302
2011-11	0.0159	0.0018	0.0177
2011-12	0.0138	0.0018	0.0156
2012-01	0.0461	0.0017	0.0478
2012-02	0.0399	0.0017	0.0416
2012-03	0.0272	0.0016	0.0288
2012-04	-0.0020	0.0017	-0.0004
2012-05	-0.0326	0.0017	-0.0308
2012-06	-0.0133	0.0018	-0.0115
2012-07	0.0274	0.0018	0.0292
2012-08	0.0321	0.0017	0.0338
2012-09	0.0285	0.0017	0.0302
2012-10	-0.0039	0.0017	-0.0021
2012-11	-0.0301	0.0018	-0.0283
2012-12	0.0199	0.0018	0.0218
2013-01	0.0409	0.0018	0.0426
2013-02	0.0216	0.0018	0.0233
2013-03	0.0255	0.0017	0.0272
2013-04	0.0128	0.0017	0.0145
2013-05	0.0440	0.0017	0.0457
2013-06	-0.0128	0.0017	-0.0111
2013-07	0.0308	0.0017	0.0325
2013-08	0.0008	0.0017	0.0025
2013-09	0.0102	0.0017	0.0119
2013-10	0.0195	0.0017	0.0212
2013-11	0.0369	0.0016	0.0385
2013-12	0.0136	0.0016	0.0152
2014-01	0.0081	0.0016	0.0097
2014-02	-0.0029	0.0016	-0.0013
2014-03	0.0256	0.0016	0.0272
2014-04	0.0004	0.0016	0.0020
2014-05	0.0137	0.0016	0.0153
2014-06	0.0303	0.0016	0.0319
2014-07	0.0134	0.0016	0.0150
2014-08	-0.0059	0.0016	-0.0042
2014-09	0.0162	0.0016	0.0178
2014-10	-0.0281	0.0017	-0.0264
2014-11	0.0554	0.0016	0.0570
2014-12	0.0047	0.0016	0.0063
2015-01	-0.0127	0.0016	-0.0111
2015-02	0.0266	0.0016	0.0282
2015-03	-0.0011	0.0016	0.0006
2015-04	0.0071	0.0016	0.0088
2015-05	0.0082	0.0016	0.0098
2015-06	-0.0060	0.0017	-0.0043
2015-07	-0.0025	0.0017	-0.0008
2015-08	-0.0259	0.0017	-0.0242
2015-09	-0.0468	0.0018	-0.0450
2015-10	0.0413	0.0018	0.0431
2015-11	0.0276	0.0017	0.0293
2015-12	-0.0128	0.0018	-0.0110
2016-01	-0.0660	0.0019	-0.0641
2016-02	-0.0074	0.0019	-0.0055
2016-03	0.0617	0.0018	0.0635
2016-04	0.0265	0.0018	0.0283
2016-05	-0.0048	0.0018	-0.0030
2016-06	0.0089	0.0018	0.0107
2016-07	0.0312	0.0017	0.0329
2016-08	0.0103	0.0017	0.0120
2016-09	-0.0061	0.0017	-0.0044
2016-10	-0.0068	0.0018	-0.0050
2016-11	0.0103	0.0018	0.0120
2016-12	0.0377	0.0017	0.0394
2017-01	0.0127	0.0017	0.0144
2017-02	0.0241	0.0017	0.0257
2017-03	0.0158	0.0016	0.0175
2017-04	-0.0032	0.0016	-0.0015
2017-05	0.0153	0.0016	0.0169
2017-06	0.0161	0.0016	0.0177
2017-07	0.0083	0.0016	0.0099
2017-08	0.0009	0.0016	0.0025
2017-09	0.0149	0.0016	0.0165
2017-10	0.0180	0.0000	0.0180
